header,group,type,sample
Listing Action,Supplier Description,System.Object,(Default) Create or Replace
Product Type,Product Identity,System.Object,SHIRT
Item Name,Product Identity,System.Object,"Robert Graham Men's Maya Bay Short Sleeve Classic Fit Shirt, Cranberry, X-Large"
Brand Name,Product Identity,System.Object,"Calvin Klein, Hanes, Goodthreads, Under Armour"
External Product ID Type,Product Identity,System.Object,UPC
External Product ID,Product Identity,System.Object,714532191586
Merchant Suggested ASIN,Product Identity,System.Object,B007KQBXN0
Is exempt from supplier declared external product identifier,Product Identity,System.Object,"Yes, No"
Recommended Browse Nodes,Product Identity,System.Object,Diet Bars
Recommended Browse Nodes,Product Identity,System.Object,Diet Bars
Recommended Browse Nodes,Product Identity,System.Object,Diet Bars
Recommended Browse Nodes,Product Identity,System.Object,Diet Bars
Recommended Browse Nodes,Product Identity,System.Object,Diet Bars
Model Number,Product Identity,System.Object,"RXZER23, 123"
Model Name,Product Identity,System.Object,Maya Bay Short Sleeve Classic Fit Shirt
Manufacturer,Product Identity,System.Object,"Nike, Procter & Gamble"
Collar Style,Product Identity,System.Object,"Buttoned, Spread, Cutaway"
Collar Style,Product Identity,System.Object,"Buttoned, Spread, Cutaway"
Age Gender Category,Product Identity,System.Object,"Men, Women, Boys Girls"
Model Year,Product Identity,System.Object,2018
Package Level,Product Identity,System.Object,"Unit, Case"
Package Contains SKU Quantity,Product Identity,System.Object,1
Package Contains SKU Identifier,Product Identity,System.Object,ABC123
Target Audience,Product Identity,System.Object,Boys
Target Audience,Product Identity,System.Object,Boys
Target Audience,Product Identity,System.Object,Boys
Target Audience,Product Identity,System.Object,Boys
Target Audience,Product Identity,System.Object,Boys
Target Audience Keyword,Product Identity,System.Object,"Women, Teens, Cats"
Target Audience Keyword,Product Identity,System.Object,"Women, Teens, Cats"
Target Audience Keyword,Product Identity,System.Object,"Women, Teens, Cats"
Target Audience Keyword,Product Identity,System.Object,"Women, Teens, Cats"
Target Audience Keyword,Product Identity,System.Object,"Women, Teens, Cats"
Skip Offer,Offer,System.Object,Yes
Item Condition,Offer,System.Object,New
Offer Condition Note,Offer,System.Object,Small dent in left side panel.
List Price with Tax,Offer,System.Object,69
Product Tax Code,Offer,System.Object,A_GEN_NOTAX
Release Date,Offer,System.Object,2017-07-20
Merchant Shipping Group,Offer,System.Object,"""Heavy Bulky Products"", ""CN ShunFeng Delivery"""
Maximum Order Quantity,Offer,System.Object,3
Offering Can Be Gift Messaged,Offer,System.Object,TRUE
Is Gift Wrap Available,Offer,System.Object,TRUE
Main Image Location,Offer,System.Object,http://www.companyname.com/images/1250.offer.jpg
Other Image Location,Offer,System.Object,http://www.companyname.com/images/1250.other1.jpg
Other Image Location,Offer,System.Object,http://www.companyname.com/images/1250.other1.jpg
Other Image Location,Offer,System.Object,http://www.companyname.com/images/1250.other1.jpg
Other Image Location,Offer,System.Object,http://www.companyname.com/images/1250.other1.jpg
Other Image Location,Offer,System.Object,http://www.companyname.com/images/1250.other1.jpg
Import Designation,Offer,System.Object,Imported
Fulfillment Channel Code (UK),Fulfillment Availability (UK),System.Object,AMAZON_NA
Quantity (UK),Fulfillment Availability (UK),System.Object,152
Handling Time (UK),Fulfillment Availability (UK),System.Object,5
Restock Date (UK),Fulfillment Availability (UK),System.Object,2020-05-05
Inventory Always Available (UK),Fulfillment Availability (UK),System.Object,Enabled
"Your Price GBP (Sell on Amazon, UK)",Offer (UK) - (Sell on Amazon),System.Object,9.00
"Pricing Rule (Sell on Amazon, UK)",Offer (UK) - (Sell on Amazon),System.Object,Competitive Price Rule by Amazon
"Minimum Seller Alllowed Price (Sell on Amazon, UK)",Offer (UK) - (Sell on Amazon),System.Object,259.99
"Maximum Seller Allowed Price (Sell on Amazon, UK)",Offer (UK) - (Sell on Amazon),System.Object,259.99
"Sale Price GBP (Sell on Amazon, UK)",Offer (UK) - (Sell on Amazon),System.Object,219.99
"Sale Start Date (Sell on Amazon, UK)",Offer (UK) - (Sell on Amazon),System.Object,2017-06-30
"Sale End Date (Sell on Amazon, UK)",Offer (UK) - (Sell on Amazon),System.Object,2017-07-01
"Offering Release Date (Sell on Amazon, UK)",Offer (UK) - (Sell on Amazon),System.Object,2017-06-30
"Stop Selling Date (Sell on Amazon, UK)",Offer (UK) - (Sell on Amazon),System.Object,2017-07-01
Product Description,Product Details,System.Object,"This summer, boots by Jette made from high quality suede leather are real gems. They visually highlight the craftsmanship and fine leather braid positioned at the top of the shaft"
Bullet Point,Product Details,System.Object,"Breathable leather lining, Classic look and feel"
Bullet Point,Product Details,System.Object,"Breathable leather lining, Classic look and feel"
Bullet Point,Product Details,System.Object,"Breathable leather lining, Classic look and feel"
Bullet Point,Product Details,System.Object,"Breathable leather lining, Classic look and feel"
Bullet Point,Product Details,System.Object,"Breathable leather lining, Classic look and feel"
Generic Keywords,Product Details,System.Object,Casual shirt; Button down; Relaxed fit; Men's shirt
Lifestyle,Product Details,System.Object,Athletic
Style,Product Details,System.Object,Maya Bay Short Sleeve Classic Fit Shirt
Department Name,Product Details,System.Object,Mens
Target Gender,Product Details,System.Object,"Male, Female, Unisex"
Age Range Description,Product Details,System.Object,"Adult, Big Kid, Toddler"
Apparel Size System,Product Details,System.Object,UK
Apparel Size Class,Product Details,System.Object,Alpha
Apparel Size Value,Product Details,System.Object,"4, M, 2 Years"
Apparel Size To Value,Product Details,System.Object,"5, L, 3 Years"
Apparel Size Body Type,Product Details,System.Object,Plus
Apparel Size Height Type,Product Details,System.Object,Tall
Material,Product Details,System.Object,"Acrylic, Cashmere Blend"
Material,Product Details,System.Object,"Acrylic, Cashmere Blend"
Material,Product Details,System.Object,"Acrylic, Cashmere Blend"
Fabric Type,Product Details,System.Object,"75% Cotton, 15% Nylon, 10% Wool"
Pattern Style,Product Details,System.Object,Striped
Number of Items,Product Details,System.Object,"1, 5, 20"
Item Package Quantity,Product Details,System.Object,1
Item Type Name,Product Details,System.Object,"Sweatshirt, Polo Sweater"
Subject Character,Product Details,System.Object,Batman
Special Size,Product Details,System.Object,"Petite, Husky Boys"
Colour Map,Product Details,System.Object,Red
Colour,Product Details,System.Object,Cranberry
Item Length Description,Product Details,System.Object,"Mini, Knee-Length"
Metal Type,Product Details,System.Object,"Bronze, Platinum Plated Brass"
Metal Type,Product Details,System.Object,"Bronze, Platinum Plated Brass"
Metal Type,Product Details,System.Object,"Bronze, Platinum Plated Brass"
Metal Type,Product Details,System.Object,"Bronze, Platinum Plated Brass"
Metal Type,Product Details,System.Object,"Bronze, Platinum Plated Brass"
Gem Type,Product Details,System.Object,"Amazonite, Blue Agate, Created Amethyst"
Gem Type,Product Details,System.Object,"Amazonite, Blue Agate, Created Amethyst"
Gem Type,Product Details,System.Object,"Amazonite, Blue Agate, Created Amethyst"
Gem Type,Product Details,System.Object,"Amazonite, Blue Agate, Created Amethyst"
Gem Type,Product Details,System.Object,"Amazonite, Blue Agate, Created Amethyst"
Occasion,Product Details,System.Object,"Anniversary, Birthday, Wedding, Get Well, Independence Day"
Occasion,Product Details,System.Object,"Anniversary, Birthday, Wedding, Get Well, Independence Day"
Occasion,Product Details,System.Object,"Anniversary, Birthday, Wedding, Get Well, Independence Day"
Occasion,Product Details,System.Object,"Anniversary, Birthday, Wedding, Get Well, Independence Day"
Occasion,Product Details,System.Object,"Anniversary, Birthday, Wedding, Get Well, Independence Day"
Part Number,Product Details,System.Object,RXZER23
Item Shape,Product Details,System.Object,"Round, Oval, Square"
Theme,Product Details,System.Object,"Aliens, Animals"
Ring Size,Product Details,System.Object,"4.25, 7.5, 8.75"
Fit Type,Product Details,System.Object,"Skinny, Relaxed"
Pocket Description,Product Details,System.Object,"Back-Flap-Pocket, Basic-5-Pocket"
Pocket Description,Product Details,System.Object,"Back-Flap-Pocket, Basic-5-Pocket"
Pocket Description,Product Details,System.Object,"Back-Flap-Pocket, Basic-5-Pocket"
Pocket Description,Product Details,System.Object,"Back-Flap-Pocket, Basic-5-Pocket"
Pocket Description,Product Details,System.Object,"Back-Flap-Pocket, Basic-5-Pocket"
Weave Type,Product Details,System.Object,Knit
Care Instructions,Product Details,System.Object,"Hand Wash, Machine Wash"
Magnification Strength,Product Details,System.Object,"1, 1.5, 2"
Magnification Strength Unit,Product Details,System.Object,diopters
Shaft Material Type,Product Details,System.Object,Graphite
Edition,Product Details,System.Object,"Special Edition,Standard Edition"
Configuration,Product Details,System.Object,AWD configuration
Platform for Display,Product Details,System.Object,"Android, Mac, PC"
Language Type,Product Details,System.Object,"Original, Subtitled"
Language,Product Details,System.Object,"Chinese, English, Dutch"
Language Type,Product Details,System.Object,"Original, Subtitled"
Language,Product Details,System.Object,"Chinese, English, Dutch"
Language Type,Product Details,System.Object,"Original, Subtitled"
Language,Product Details,System.Object,"Chinese, English, Dutch"
Language Type,Product Details,System.Object,"Original, Subtitled"
Language,Product Details,System.Object,"Chinese, English, Dutch"
Language Type,Product Details,System.Object,"Original, Subtitled"
Language,Product Details,System.Object,"Chinese, English, Dutch"
Wireless Provider,Product Details,System.Object,"Verizon, Cingular, Orange"
Lens Colour,Product Details,System.Object,"Maroon, Sky Blue/Ash Grey, Blue, Emerald"
Sunglasses Lens Width,Product Details,System.Object,55
Lens Width Unit,Product Details,System.Object,millimeters
Item Display Diameter,Product Details,System.Object,"2.75, 3.00"
Item Display Diameter Unit,Product Details,System.Object,"Centimetres, Millimetres, Inches"
Item Display Length,Product Details,System.Object,5.7
Item Display Length Unit,Product Details,System.Object,"Centimetres, Millimetres, Inches"
Item Display Depth,Product Details,System.Object,"2.75, 3.00"
Item Display Depth Unit,Product Details,System.Object,"Centimetres, Millimetres, Inches"
Item Display Width,Product Details,System.Object,3.5
Item Display Width Unit,Product Details,System.Object,"Centimetres, Millimetres, Inches"
Item Display Height,Product Details,System.Object,1.8
Item Display Height Unit,Product Details,System.Object,"Centimetres, Millimetres, Inches"
Service Provider,Product Details,System.Object,"AT&T, Sprint, Verizon Wireless"
Flavour,Product Details,System.Object,"Double Rich Chocolate, Cherry, Chocolate, Vanilla"
Wattage,Product Details,System.Object,"200, 11"
Wattage Unit,Product Details,System.Object,watts
Memory Storage Capacity,Product Details,System.Object,"1, 15, 1000"
Memory Storage Capacity Unit,Product Details,System.Object,"MB, KB, GB"
Customer Package Type,Product Details,System.Object,Standard Packaging
Pattern,Product Details,System.Object,"Floral, Geometric, Polka Dot"
Unit Count,Product Details,System.Object,72.0
Unit Count Type,Product Details,System.Object,Ounces
Product Site Launch Date,Product Details,System.Object,2017-07-20
Golf Club Flex,Product Details,System.Object,Regular (R)
Golf Club Loft,Product Details,System.Object,20 degrees
Golf Club Loft Unit,Product Details,System.Object,Degrees
League Name,Product Details,System.Object,NBA
Team Name,Product Details,System.Object,Manchester city
Athlete,Product Details,System.Object,Michael Jordan
Scent,Product Details,System.Object,"Lavender, Musk"
Scent,Product Details,System.Object,"Lavender, Musk"
Scent,Product Details,System.Object,"Lavender, Musk"
Scent,Product Details,System.Object,"Lavender, Musk"
Scent,Product Details,System.Object,"Lavender, Musk"
Hand Orientation,Product Details,System.Object,"Left, Right"
Band Colour,Product Details,System.Object,Black
Cup Size,Product Details,System.Object,"A, B, DD"
Embellishment Feature,Product Details,System.Object,Lace
Embellishment Feature,Product Details,System.Object,Lace
Embellishment Feature,Product Details,System.Object,Lace
Embellishment Feature,Product Details,System.Object,Lace
Embellishment Feature,Product Details,System.Object,Lace
Grip Size,Product Details,System.Object,Small
Ink Colour,Product Details,System.Object,"Blue, Red, Black"
Length Range,Product Details,System.Object,"24-60"" long"
Length Range,Product Details,System.Object,"24-60"" long"
Length Range,Product Details,System.Object,"24-60"" long"
Length Range,Product Details,System.Object,"24-60"" long"
Length Range,Product Details,System.Object,"24-60"" long"
Neck Style,Product Details,System.Object,Crew neck
Neck Style,Product Details,System.Object,Crew neck
Neck Style,Product Details,System.Object,Crew neck
Neck Style,Product Details,System.Object,Crew neck
Neck Style,Product Details,System.Object,Crew neck
Version for Country,Product Details,System.Object,French Guiana
Version for Country,Product Details,System.Object,French Guiana
Version for Country,Product Details,System.Object,French Guiana
Version for Country,Product Details,System.Object,French Guiana
Version for Country,Product Details,System.Object,French Guiana
Width Range,Product Details,System.Object,"24-60"" wide"
Width Range,Product Details,System.Object,"24-60"" wide"
Width Range,Product Details,System.Object,"24-60"" wide"
Width Range,Product Details,System.Object,"24-60"" wide"
Width Range,Product Details,System.Object,"24-60"" wide"
Sleeve Type,Product Details,System.Object,"3-4-Sleeve, Cap-sleeve"
Closure Type,Product Details,System.Object,"Snap,Buckle"
Closure Type,Product Details,System.Object,"Snap,Buckle"
Sweater Form,Product Details,System.Object,Cardigan
Garment Closure Length Description,Product Details,System.Object,Full length
Hemline Form,Product Details,System.Object,Fishtail Hemline
Hemline Form,Product Details,System.Object,Fishtail Hemline
Hemline Form,Product Details,System.Object,Fishtail Hemline
Hemline Form,Product Details,System.Object,Fishtail Hemline
Hemline Form,Product Details,System.Object,Fishtail Hemline
Size,Product Details,System.Object,"Extra Large, One Size"
Metal ID,Product Details,System.Object,"1, 2, 3, 4, 5"
Metal Type,Product Details,System.Object,"Alloy, Argentium Plated Base"
Metal Stamp,Product Details,System.Object,"8k (333), 9k (375)"
Metal Weight,Product Details,System.Object,"943, 0.05"
Metal Weight Unit,Product Details,System.Object,Grams
Metal ID,Product Details,System.Object,"1, 2, 3, 4, 5"
Metal Type,Product Details,System.Object,"Alloy, Argentium Plated Base"
Metal Stamp,Product Details,System.Object,"8k (333), 9k (375)"
Metal Weight,Product Details,System.Object,"943, 0.05"
Metal Weight Unit,Product Details,System.Object,Grams
Metal ID,Product Details,System.Object,"1, 2, 3, 4, 5"
Metal Type,Product Details,System.Object,"Alloy, Argentium Plated Base"
Metal Stamp,Product Details,System.Object,"8k (333), 9k (375)"
Metal Weight,Product Details,System.Object,"943, 0.05"
Metal Weight Unit,Product Details,System.Object,Grams
Stone ID,Product Details,System.Object,"1, 2, 3, 4, 5"
Stone Type,Product Details,System.Object,"Ruby, Opal, Topaz"
Number of Stones,Product Details,System.Object,"1,3"
Stone Creation Method,Product Details,System.Object,"Synthetic, Simulated"
Stone Treatment Method,Product Details,System.Object,"Bleached, Clarity Enhanced"
Stone Clarity,Product Details,System.Object,"FL, I1"
Stone Colour,Product Details,System.Object,"Pink, Blue, Red, Yellow"
Stone Cut,Product Details,System.Object,Ideal Cut
Stone Shape,Product Details,System.Object,"Asscher, Baguette"
Stone ID,Product Details,System.Object,"1, 2, 3, 4, 5"
Stone Type,Product Details,System.Object,"Ruby, Opal, Topaz"
Number of Stones,Product Details,System.Object,"1,3"
Stone Creation Method,Product Details,System.Object,"Synthetic, Simulated"
Stone Treatment Method,Product Details,System.Object,"Bleached, Clarity Enhanced"
Stone Clarity,Product Details,System.Object,"FL, I1"
Stone Colour,Product Details,System.Object,"Pink, Blue, Red, Yellow"
Stone Cut,Product Details,System.Object,Ideal Cut
Stone Shape,Product Details,System.Object,"Asscher, Baguette"
Stone ID,Product Details,System.Object,"1, 2, 3, 4, 5"
Stone Type,Product Details,System.Object,"Ruby, Opal, Topaz"
Number of Stones,Product Details,System.Object,"1,3"
Stone Creation Method,Product Details,System.Object,"Synthetic, Simulated"
Stone Treatment Method,Product Details,System.Object,"Bleached, Clarity Enhanced"
Stone Clarity,Product Details,System.Object,"FL, I1"
Stone Colour,Product Details,System.Object,"Pink, Blue, Red, Yellow"
Stone Cut,Product Details,System.Object,Ideal Cut
Stone Shape,Product Details,System.Object,"Asscher, Baguette"
Pearl Size Unit,Product Details,System.Object,Millimetres
Stone Clarity,Product Details,System.Object,"Perfection, Slightly Included, Insignificant Inclusions"
Stone Clarity,Product Details,System.Object,"Perfection, Slightly Included, Insignificant Inclusions"
Stone Clarity,Product Details,System.Object,"Perfection, Slightly Included, Insignificant Inclusions"
Stone Colour,Product Details,System.Object,"Pink, Blue, Red, Yellow"
Stone Colour,Product Details,System.Object,"Pink, Blue, Red, Yellow"
Stone Colour,Product Details,System.Object,"Pink, Blue, Red, Yellow"
Stone Colour,Product Details,System.Object,"Pink, Blue, Red, Yellow"
Stone Colour,Product Details,System.Object,"Pink, Blue, Red, Yellow"
Stone Cut,Product Details,System.Object,Round
Stone Cut,Product Details,System.Object,Round
Stone Cut,Product Details,System.Object,Round
Stone Shape,Product Details,System.Object,"Asscher Shape, Baguette Shape"
Stone Shape,Product Details,System.Object,"Asscher Shape, Baguette Shape"
Stone Shape,Product Details,System.Object,"Asscher Shape, Baguette Shape"
Stone Shape,Product Details,System.Object,"Asscher Shape, Baguette Shape"
Stone Shape,Product Details,System.Object,"Asscher Shape, Baguette Shape"
Stone Weight,Product Details,System.Object,"943, 0.05"
Stone Weight Unit,Product Details,System.Object,"Grams, Carats"
Total Diamond Weight,Product Details,System.Object,"6, 0.5"
Total Diamond Weight Unit,Product Details,System.Object,carats
Collection Name,Product Details,System.Object,Rivington
Clasp Type,Product Details,System.Object,Bangle
Occasion,Product Details,System.Object,Halloween
Occasion,Product Details,System.Object,Halloween
Occasion,Product Details,System.Object,Halloween
Occasion,Product Details,System.Object,Halloween
Occasion,Product Details,System.Object,Halloween
Grade Rating,Product Details,System.Object,"N20D, 1220"
Metal Stamp,Product Details,System.Object,14K
League Name,Product Details,System.Object,NBA
League Name,Product Details,System.Object,NBA
League Name,Product Details,System.Object,NBA
League Name,Product Details,System.Object,NBA
Team Name,Product Details,System.Object,Manchester city
Athlete,Product Details,System.Object,Michael Jordan
Athlete,Product Details,System.Object,Michael Jordan
Athlete,Product Details,System.Object,Michael Jordan
Athlete,Product Details,System.Object,Michael Jordan
Special Features,Product Details,System.Object,Moisture Wicking
Special Features,Product Details,System.Object,Moisture Wicking
Special Features,Product Details,System.Object,Moisture Wicking
Special Features,Product Details,System.Object,Moisture Wicking
Special Features,Product Details,System.Object,Moisture Wicking
Apparel Size System,Product Details,System.Object,UK
Apparel Size Class,Product Details,System.Object,Alpha
Apparel Size Value,Product Details,System.Object,"4, M, 2 Years"
Apparel Size To Value,Product Details,System.Object,"5, L, 3 Years"
Neck Size Value,Product Details,System.Object,"15, 16, 17"
Neck Size To Value,Product Details,System.Object,"15.5, 16.5, 17.5"
Sleeve Length Value,Product Details,System.Object,"32, 33, 34"
Sleeve Length To Value,Product Details,System.Object,"33, 34, 35"
Apparel Size Body Type,Product Details,System.Object,Plus
Apparel Size Height Type,Product Details,System.Object,Tall
Strap Type,Product Details,System.Object,"basic, spaghetti"
Strap Type,Product Details,System.Object,"basic, spaghetti"
Strap Type,Product Details,System.Object,"basic, spaghetti"
Water Resistance Level,Product Details,System.Object,Water Resistant
Denomination,Product Details,System.Object,"10, 20, 100, 1000"
Design Name,Product Details,System.Object,"Birthday, Graduation"
Is Customizable?,Product Details,System.Object,Yes
Pre Printed Text,Product Details,System.Object,FALSE
Capacity,Product Details,System.Object,"5.3, 7, 25"
Capacity Unit,Product Details,System.Object,"quarts, litres, gallons"
Voltage,Product Details,System.Object,"28, 120"
Voltage Unit,Product Details,System.Object,volts
Item Form,Product Details,System.Object,"Sticks, Powder, Whole Bean"
Item Form,Product Details,System.Object,"Sticks, Powder, Whole Bean"
Item Form,Product Details,System.Object,"Sticks, Powder, Whole Bean"
Item Form,Product Details,System.Object,"Sticks, Powder, Whole Bean"
Sport Type,Product Details,System.Object,Snowboarding
Sport Type,Product Details,System.Object,Snowboarding
Back Style,Product Details,System.Object,"cushion, pillow"
Back Style,Product Details,System.Object,"cushion, pillow"
Back Style,Product Details,System.Object,"cushion, pillow"
Back Style,Product Details,System.Object,"cushion, pillow"
Back Style,Product Details,System.Object,"cushion, pillow"
Grip Type,Product Details,System.Object,Insulated
Inseam Length,Product Details,System.Object,3
Inseam Length Unit,Product Details,System.Object,inches
Top Style,Product Details,System.Object,"Blouson, Camisole, Kaftan"
Top Style,Product Details,System.Object,"Blouson, Camisole, Kaftan"
Top Style,Product Details,System.Object,"Blouson, Camisole, Kaftan"
Top Style,Product Details,System.Object,"Blouson, Camisole, Kaftan"
Top Style,Product Details,System.Object,"Blouson, Camisole, Kaftan"
Number of Pockets,Product Details,System.Object,12
Fabric Stretchability,Product Details,System.Object,Stretchable
Shirt Form Type,Product Details,System.Object,"T-Shirt, Tuxedo Shirt, Polo Shirt"
Sleeve Cuff Style,Product Details,System.Object,"Rolled, Open"
Sleeve Cuff Style,Product Details,System.Object,"Rolled, Open"
Animal Theme,Product Details,System.Object,Alpaca
Fashion Decade,Product Details,System.Object,1970s
Generic Keyword,Product Details,System.Object,Water sport shoes; Derek Rose; Electric; Wi-Fi; Banana
Generic Keyword,Product Details,System.Object,Water sport shoes; Derek Rose; Electric; Wi-Fi; Banana
Generic Keyword,Product Details,System.Object,Water sport shoes; Derek Rose; Electric; Wi-Fi; Banana
Generic Keyword,Product Details,System.Object,Water sport shoes; Derek Rose; Electric; Wi-Fi; Banana
Material,Product Details,System.Object,"Resin, Plastic"
Material,Product Details,System.Object,"Resin, Plastic"
Theme,Product Details,System.Object,"Western, Wildlife, Sci-Fi, Military, Sports, Animal, Party, Patriotic"
Theme,Product Details,System.Object,"Western, Wildlife, Sci-Fi, Military, Sports, Animal, Party, Patriotic"
Theme,Product Details,System.Object,"Western, Wildlife, Sci-Fi, Military, Sports, Animal, Party, Patriotic"
Theme,Product Details,System.Object,"Western, Wildlife, Sci-Fi, Military, Sports, Animal, Party, Patriotic"
Paper Size,Product Details,System.Object,"6 x 5, 8 1/2 x 11"
Paper Size Unit,Product Details,System.Object,"Millimetres, Centimetres"
Line Size,Product Details,System.Object,0.7 mm
Line Size Unit,Product Details,System.Object,Millimeters
Maximum Size,Product Details,System.Object,"4.5, 12, 55.75"
Maximum Size Unit,Product Details,System.Object,"Meters, Inches"
Paper Finish Type,Product Details,System.Object,Matt/Glossy
Total Eaches,Product Details,System.Object,"1, 20"
Included Components,Product Details,System.Object,"Camera Body, Battery Pack"
Included Components,Product Details,System.Object,"Camera Body, Battery Pack"
Included Components,Product Details,System.Object,"Camera Body, Battery Pack"
Included Components,Product Details,System.Object,"Camera Body, Battery Pack"
Included Components,Product Details,System.Object,"Camera Body, Battery Pack"
Recommended Uses For Product,Product Details,System.Object,Money
Recommended Uses For Product,Product Details,System.Object,Money
Recommended Uses For Product,Product Details,System.Object,Money
Recommended Uses For Product,Product Details,System.Object,Money
Recommended Uses For Product,Product Details,System.Object,Money
Giftwrap Capacity ID,Product Details,System.Object,"50,51"
Giftwrap Capacity ID,Product Details,System.Object,"50,51"
Giftwrap Capacity ID,Product Details,System.Object,"50,51"
Giftwrap Capacity ID,Product Details,System.Object,"50,51"
Giftwrap Capacity ID,Product Details,System.Object,"50,51"
Net Content Length,Product Details,System.Object,200
Net Content Length Unit,Product Details,System.Object,Centimeters
Net Content Length,Product Details,System.Object,200
Net Content Length Unit,Product Details,System.Object,Centimeters
Net Content Count,Product Details,System.Object,1
Net Content Count Unit,Product Details,System.Object,"Bag, Box, Sheet"
Net Content Count,Product Details,System.Object,1
Net Content Count Unit,Product Details,System.Object,"Bag, Box, Sheet"
Net Content Count,Product Details,System.Object,1
Net Content Count Unit,Product Details,System.Object,"Bag, Box, Sheet"
Net Content Count,Product Details,System.Object,1
Net Content Count Unit,Product Details,System.Object,"Bag, Box, Sheet"
Net Content Count,Product Details,System.Object,1
Net Content Count Unit,Product Details,System.Object,"Bag, Box, Sheet"
Net Content Area,Product Details,System.Object,10
Net Content Area Unit,Product Details,System.Object,Square Inches
Net Content Area,Product Details,System.Object,10
Net Content Area Unit,Product Details,System.Object,Square Inches
Net Content Weight,Product Details,System.Object,"12.0, 10.0"
Net Content Weight Unit,Product Details,System.Object,"Ounces, Grams"
Net Content Weight,Product Details,System.Object,"12.0, 10.0"
Net Content Weight Unit,Product Details,System.Object,"Ounces, Grams"
Net Content Volume,Product Details,System.Object,576
Net Content Volume Unit,Product Details,System.Object,Fluid Ounces
Net Content Volume,Product Details,System.Object,576
Net Content Volume Unit,Product Details,System.Object,Fluid Ounces
Item Height Floor To Top,Product Details,System.Object,100
Item Height Unit of Measure,Product Details,System.Object,Inches
Item Length,Product Details,System.Object,300
Item length Unit,Product Details,System.Object,Inches
Item Width Side To Side,Product Details,System.Object,100
Item Width Unit,Product Details,System.Object,Inches
Is Bulk Pack,Product Details,System.Object,"Yes, No"
Master Pack Height,Product Details,System.Object,32.4
Master Pack Height Unit,Product Details,System.Object,Inches
Master Pack Length,Product Details,System.Object,32.4
Master Pack Length Unit,Product Details,System.Object,Inches
Master Pack Width,Product Details,System.Object,32.4
Master Pack Width Unit,Product Details,System.Object,Inches
Master Pack Weight,Product Details,System.Object,25.3
Master Pack Weight Unit,Product Details,System.Object,Pounds
Fabric Type,Product Details,System.Object,"60% Cotton, 40% Polyester"
Fabric Type,Product Details,System.Object,"60% Cotton, 40% Polyester"
Fabric Type,Product Details,System.Object,"60% Cotton, 40% Polyester"
Fabric Type,Product Details,System.Object,"60% Cotton, 40% Polyester"
Care Instructions,Product Details,System.Object,Hand Wash
Care Instructions,Product Details,System.Object,Hand Wash
Care Instructions,Product Details,System.Object,Hand Wash
Care Instructions,Product Details,System.Object,Hand Wash
Processor Description,Product Details,System.Object,"Intel Pentium, BIONZ, EXR Processor II"
Processor Description,Product Details,System.Object,"Intel Pentium, BIONZ, EXR Processor II"
Processor Description,Product Details,System.Object,"Intel Pentium, BIONZ, EXR Processor II"
Processor Description,Product Details,System.Object,"Intel Pentium, BIONZ, EXR Processor II"
Processor Description,Product Details,System.Object,"Intel Pentium, BIONZ, EXR Processor II"
Temperature Rating,Product Details,System.Object,Chilled: 33 to 38 degrees
Resolution,Product Details,System.Object,"8K, UHD, 1080p"
Specification Met,Product Details,System.Object,"FDA, USDA, USP Class VI"
Specification Met,Product Details,System.Object,"FDA, USDA, USP Class VI"
Specification Met,Product Details,System.Object,"FDA, USDA, USP Class VI"
Specification Met,Product Details,System.Object,"FDA, USDA, USP Class VI"
Specification Met,Product Details,System.Object,"FDA, USDA, USP Class VI"
Tension Level,Product Details,System.Object,"50 pounds, low, medium, high"
Range,Product Details,System.Object,"Soprano, 1-4, 5"
Range Unit (Optional),Product Details,System.Object,"kHz, metres"
Range,Product Details,System.Object,"Soprano, 1-4, 5"
Range Unit (Optional),Product Details,System.Object,"kHz, metres"
Range,Product Details,System.Object,"Soprano, 1-4, 5"
Range Unit (Optional),Product Details,System.Object,"kHz, metres"
Range,Product Details,System.Object,"Soprano, 1-4, 5"
Range Unit (Optional),Product Details,System.Object,"kHz, metres"
Range,Product Details,System.Object,"Soprano, 1-4, 5"
Range Unit (Optional),Product Details,System.Object,"kHz, metres"
Is Product Expirable,Product Details,System.Object,"Yes, No"
Product Expiration Type,Product Details,System.Object,"Expiration Date Required, Shelf Life"
Fulfillment Center Shelf Life,Product Details,System.Object,"180, 365"
Fulfillment Center Shelf Life Unit,Product Details,System.Object,Days
Measurement Accuracy,Product Details,System.Object,+/-0.5%
Sport Type,Product Details,System.Object,American Football
Sport Type,Product Details,System.Object,American Football
Sport Type,Product Details,System.Object,American Football
Roll Diameter String Value,Product Details,System.Object,10
Roll Diameter Unit,Product Details,System.Object,"Inches, Millimeters"
Roll Length String Value,Product Details,System.Object,100
Roll Length Unit,Product Details,System.Object,"Inches, Feet"
Roll Width String Value,Product Details,System.Object,12
Roll Width Unit,Product Details,System.Object,"Inches, Millimeters"
Line Weight,Product Details,System.Object,5.0 pounds
Item Length Longer Edge,Product Details,System.Object,54
Item Length Unit,Product Details,System.Object,"Inches, Centimeters"
Item Width Shorter Edge,Product Details,System.Object,30
Item Width Unit,Product Details,System.Object,"Inches, Centimeters"
Towel Form Type,Product Details,System.Object,Washcloth
Strap Type,Product Details,System.Object,"basic, spaghetti"
Strap Type,Product Details,System.Object,"basic, spaghetti"
Display Type,Product Details,System.Object,"Analog, Digital"
Calendar Type,Product Details,System.Object,Date And Month
Dial Window Material Type,Product Details,System.Object,Mineral
Case Diameter,Product Details,System.Object,42.5
Case Diameter Unit,Product Details,System.Object,millimeters
Case Material Type,Product Details,System.Object,Copper
Case Thickness,Product Details,System.Object,13.55
Case Thickness Unit,Product Details,System.Object,millimeters
Dial Colour,Product Details,System.Object,Purple
Warranty Type,Product Details,System.Object,Manufacturer
Watch Movement,Product Details,System.Object,Quartz
Water Resistance Depth,Product Details,System.Object,"50.0, 15.0"
Water Resistance Depth Unit,Product Details,System.Object,"Metres, Feet"
Power Source,Product Details,System.Object,"Battery, Gas"
Series Number,Product Details,System.Object,4
Dial Size Decimal Value,Product Details,System.Object,"3/16, 0.25"
Dial Size Unit,Product Details,System.Object,"Inches, Millimeters"
Band Length,Product Details,System.Object,9.0000
Band Length Unit,Product Details,System.Object,"9.0000 inches, 8.0000 inches"
Band Material Type,Product Details,System.Object,Resin
Band Width,Product Details,System.Object,5
Band Width Unit,Product Details,System.Object,millimetres
Face Style,Product Details,System.Object,"Spherical anvil/flat spindle, spherical anvil and spindle"
Face Style,Product Details,System.Object,"Spherical anvil/flat spindle, spherical anvil and spindle"
Face Style,Product Details,System.Object,"Spherical anvil/flat spindle, spherical anvil and spindle"
Face Style,Product Details,System.Object,"Spherical anvil/flat spindle, spherical anvil and spindle"
Face Style,Product Details,System.Object,"Spherical anvil/flat spindle, spherical anvil and spindle"
Number of Bands,Product Details,System.Object,"1, 50, 100"
Total USB 2.0 Ports,Product Details,System.Object,"1, 2, 3"
GDPR  Risk,Product Details,System.Object,Physical or Cloud Data Storage
Closure Type,Product Details,System.Object,"Snap, Buckle, Slip-On"
Closure Type,Product Details,System.Object,"Snap, Buckle, Slip-On"
Closure Type,Product Details,System.Object,"Snap, Buckle, Slip-On"
Designer,Product Details,System.Object,Tom Ford
Number of Pieces,Product Details,System.Object,"1, 500"
Lock Type,Product Details,System.Object,Cylindrical
Lock Type,Product Details,System.Object,Cylindrical
Lock Type,Product Details,System.Object,Cylindrical
Lock Type,Product Details,System.Object,Cylindrical
Connectivity Technology,Product Details,System.Object,"WIFI, Ethernet, HDMI"
Connectivity Technology,Product Details,System.Object,"WIFI, Ethernet, HDMI"
Connectivity Technology,Product Details,System.Object,"WIFI, Ethernet, HDMI"
Connectivity Technology,Product Details,System.Object,"WIFI, Ethernet, HDMI"
Connectivity Technology,Product Details,System.Object,"WIFI, Ethernet, HDMI"
Breaking Strength,Product Details,System.Object,40.0
Breaking Strength Unit,Product Details,System.Object,pounds
Furniture Finish,Product Details,System.Object,"Stained, Painted, Marbled"
Volume Capacity,Product Details,System.Object,"7, 16"
Volume Capacity Unit,Product Details,System.Object,"quarts, litres, gallons"
Finish Type,Product Details,System.Object,"Ceramic, Antique Nickel, Enamel"
Base Type,Product Details,System.Object,Pedestal
Release Date,Product Details,System.Object,2017-07-20
Connectivity Protocol,Product Details,System.Object,"HomePNA, IEEE 802.11a, IEEE 802.11b (Wi-Fi), IEEE 802.11g, IEEE 802.3 (Ethernet)"
Connectivity Protocol,Product Details,System.Object,"HomePNA, IEEE 802.11a, IEEE 802.11b (Wi-Fi), IEEE 802.11g, IEEE 802.3 (Ethernet)"
Connectivity Protocol,Product Details,System.Object,"HomePNA, IEEE 802.11a, IEEE 802.11b (Wi-Fi), IEEE 802.11g, IEEE 802.3 (Ethernet)"
Connectivity Protocol,Product Details,System.Object,"HomePNA, IEEE 802.11a, IEEE 802.11b (Wi-Fi), IEEE 802.11g, IEEE 802.3 (Ethernet)"
Connectivity Protocol,Product Details,System.Object,"HomePNA, IEEE 802.11a, IEEE 802.11b (Wi-Fi), IEEE 802.11g, IEEE 802.3 (Ethernet)"
Controller Type,Product Details,System.Object,"Wimoto, Nexia, B 180"
Controller Type,Product Details,System.Object,"Wimoto, Nexia, B 180"
Controller Type,Product Details,System.Object,"Wimoto, Nexia, B 180"
Controller Type,Product Details,System.Object,"Wimoto, Nexia, B 180"
Controller Type,Product Details,System.Object,"Wimoto, Nexia, B 180"
Bare Outside Diameter Unit,Product Details,System.Object,Square Meters
Belt Style,Product Details,System.Object,V-Belt
Belt Style,Product Details,System.Object,V-Belt
Belt Style,Product Details,System.Object,V-Belt
Belt Style,Product Details,System.Object,V-Belt
Belt Style,Product Details,System.Object,V-Belt
Belt Length Decimal Value,Product Details,System.Object,"1/16"", 1/8"", 3/16"", 1-1/8"", 6"" 0.0058"", 0.0355"", 10mm"
Belt Length String Value,Product Details,System.Object,
Belt Length Unit,Product Details,System.Object,"Metres,Inches"
Coated Outside Diameter Unit,Product Details,System.Object,Square Meters
Head Size,Product Details,System.Object,"51-55 cm, 18'' Height, 21'' Circumference"
Control Method,Product Details,System.Object,App
Control Method,Product Details,System.Object,App
Control Method,Product Details,System.Object,App
Control Method,Product Details,System.Object,App
Item Diameter Decimal Value,Product Details,System.Object,"0.79, 1.25"
Item Diameter Unit,Product Details,System.Object,"inches, millimetres"
Benefits,Product Details,System.Object,Skin-trapped facial hairs are surfaced; pore-clogging facial oils are dissolved; dryness is counteracted.
Benefits,Product Details,System.Object,Skin-trapped facial hairs are surfaced; pore-clogging facial oils are dissolved; dryness is counteracted.
Benefits,Product Details,System.Object,Skin-trapped facial hairs are surfaced; pore-clogging facial oils are dissolved; dryness is counteracted.
Benefits,Product Details,System.Object,Skin-trapped facial hairs are surfaced; pore-clogging facial oils are dissolved; dryness is counteracted.
Benefits,Product Details,System.Object,Skin-trapped facial hairs are surfaced; pore-clogging facial oils are dissolved; dryness is counteracted.
Is the Item Heat Sensitive?,Product Details,System.Object,"Yes, No"
Short Product Description,Product Details,System.Object,Dual-action exfoliator with fruit acids and gentle mechanical exfoliants to cleanse pores and remove dead skin cells.
Specific Uses for Product,Product Details,System.Object,"Dry Sanding, Personal, Business, Amateur"
Specific Uses for Product,Product Details,System.Object,"Dry Sanding, Personal, Business, Amateur"
Specific Uses for Product,Product Details,System.Object,"Dry Sanding, Personal, Business, Amateur"
Specific Uses for Product,Product Details,System.Object,"Dry Sanding, Personal, Business, Amateur"
Specific Uses for Product,Product Details,System.Object,"Dry Sanding, Personal, Business, Amateur"
Base Curve Radius,Product Details,System.Object,"10.0, 11.6, 0.39"
Base Curve Radius Unit,Product Details,System.Object,"millimetres, centimetres, inches"
Optical Power,Product Details,System.Object,5
Chest Size,Product Details,System.Object,"5.5 inches, .75 metres, 28.6 centimetres"
Chest Size Unit,Product Details,System.Object,"inches, metres, centimetres"
Mounting Type,Product Details,System.Object,Clevis
Is the item dishwasher safe?,Product Details,System.Object,Yes
Is Fragile?,Product Details,System.Object,"Yes, No"
Item Thickness Decimal Value,Product Details,System.Object,0.25
Item Thickness Unit,Product Details,System.Object,Inches
Rise Style,Product Details,System.Object,Low
Seasons,Product Details,System.Object,"Fall, Spring"
Seasons,Product Details,System.Object,"Fall, Spring"
Seasons,Product Details,System.Object,"Fall, Spring"
Seasons,Product Details,System.Object,"Fall, Spring"
Seasons,Product Details,System.Object,"Fall, Spring"
Apparel Closure Orientation,Product Details,System.Object,Front
Shaft Style Type,Product Details,System.Object,
Current Rating,Product Details,System.Object,"2, 5"
Current Rating Unit,Product Details,System.Object,Amps
Interior Colour,Product Details,System.Object,
Manufacture Year,Product Details,System.Object,2023
Number of Drawers,Product Details,System.Object,7
Number of Compartments,Product Details,System.Object,7
Item Depth Front To Back,Product Details,System.Object,17
Item Depth Unit,Product Details,System.Object,"Inches, Centimeters"
Item Height Base to Top,Product Details,System.Object,18
Item Height Unit,Product Details,System.Object,"Inches, Centimeters"
Item Width Side To Side,Product Details,System.Object,25
Item Width Unit,Product Details,System.Object,"Inches, Centimeters"
Jewelry Storage Type,Product Details,System.Object,Jewelry Armoire
Parentage Level,Variations,System.Object,Parent
Child Relationship Type,Variations,System.Object,accessory
Parent SKU,Variations,System.Object,ABC123
Variation Theme Name,Variations,System.Object,Size/Colour
Country of Origin,Safety & Compliance,System.Object,"China, Japan, United States"
Dangerous Goods Regulations,Safety & Compliance,System.Object,"GHS, Storage, Transportation"
Dangerous Goods Regulations,Safety & Compliance,System.Object,"GHS, Storage, Transportation"
Dangerous Goods Regulations,Safety & Compliance,System.Object,"GHS, Storage, Transportation"
Dangerous Goods Regulations,Safety & Compliance,System.Object,"GHS, Storage, Transportation"
Dangerous Goods Regulations,Safety & Compliance,System.Object,"GHS, Storage, Transportation"
GHS Class,Safety & Compliance,System.Object,Explosive
GHS Class,Safety & Compliance,System.Object,Explosive
GHS Class,Safety & Compliance,System.Object,Explosive
GHS Class,Safety & Compliance,System.Object,Explosive
GHS Class,Safety & Compliance,System.Object,Explosive
Hazmat Aspect,Safety & Compliance,System.Object,UN Regulatory Id
Hazmat Information,Safety & Compliance,System.Object,UN1993
Safety Data Sheet (SDS or MSDS) URL,Safety & Compliance,System.Object,www.safetysheetsRus.com/hazardous_substance/msds.pdf
Item Weight,Safety & Compliance,System.Object,10
Item Weight Unit,Safety & Compliance,System.Object,"Grams, Kilograms"
Outer Material,Safety & Compliance,System.Object,Cotton
Outer Material,Safety & Compliance,System.Object,Cotton
Outer Material,Safety & Compliance,System.Object,Cotton
Outer Material,Safety & Compliance,System.Object,Cotton
Outer Material,Safety & Compliance,System.Object,Cotton
Responsible Person's Email or Electronic Address,Safety & Compliance,System.Object,rsp-email@example.com
"Compliance Media Source Location (en_GB, Application Guide)",Safety & Compliance,System.Object,http://example.eg/sds_1.pdf
"Compliance Media Source Location (en_GB, Certificate of Analysis)",Safety & Compliance,System.Object,http://example.eg/sds_1.pdf
"Compliance Media Source Location (en_GB, Certificate of Compliance)",Safety & Compliance,System.Object,http://example.eg/sds_1.pdf
"Compliance Media Source Location (en_GB, Compatibility Guide)",Safety & Compliance,System.Object,http://example.eg/sds_1.pdf
"Compliance Media Source Location (en_GB, Emergency Use Authorization)",Safety & Compliance,System.Object,http://example.eg/sds_1.pdf
"Compliance Media Source Location (en_GB, Emergency Use Authorization Amendment)",Safety & Compliance,System.Object,http://example.eg/sds_1.pdf
"Compliance Media Source Location (en_GB, Installation Manual)",Safety & Compliance,System.Object,http://example.eg/sds_1.pdf
"Compliance Media Source Location (en_GB, Instructions for Use)",Safety & Compliance,System.Object,http://example.eg/sds_1.pdf
"Compliance Media Source Location (en_GB, Patient Fact Sheet)",Safety & Compliance,System.Object,http://example.eg/sds_1.pdf
"Compliance Media Source Location (en_GB, Provider Fact Sheet)",Safety & Compliance,System.Object,http://example.eg/sds_1.pdf
"Compliance Media Source Location (en_GB, Safety Data Sheet)",Safety & Compliance,System.Object,http://example.eg/sds_1.pdf
"Compliance Media Source Location (en_GB, Safety Information)",Safety & Compliance,System.Object,http://example.eg/sds_1.pdf
"Compliance Media Source Location (en_GB, Specification Sheet)",Safety & Compliance,System.Object,http://example.eg/sds_1.pdf
"Compliance Media Source Location (en_GB, Troubleshooting Guide)",Safety & Compliance,System.Object,http://example.eg/sds_1.pdf
"Compliance Media Source Location (en_GB, User Guide)",Safety & Compliance,System.Object,http://example.eg/sds_1.pdf
"Compliance Media Source Location (en_GB, User Manual)",Safety & Compliance,System.Object,http://example.eg/sds_1.pdf
"Compliance Media Source Location (en_GB, Warranty)",Safety & Compliance,System.Object,http://example.eg/sds_1.pdf
GPSR Safety Attestation,Safety & Compliance,System.Object,Yes
Manufacturer’s Email or Electronic Address,Safety & Compliance,System.Object,abc@example.com
Ships Globally,Safety & Compliance,System.Object,Yes
Are batteries required?,Safety & Compliance,System.Object,"Yes, No"
Are batteries included?,Safety & Compliance,System.Object,Yes
Battery Cell Composition,Safety & Compliance,System.Object,NiMh
Battery Cell Composition Other Than Listed,Safety & Compliance,System.Object,Silver Oxide (Ag₂O)
Battery Weight,Safety & Compliance,System.Object,2.5
Battery Weight Unit,Safety & Compliance,System.Object,Grams
Number of Batteries,Safety & Compliance,System.Object,"1, 4"
Battery Type,Safety & Compliance,System.Object,12 V
Number of Lithium Metal Cells,Safety & Compliance,System.Object,7
Number of Lithium-ion Cells,Safety & Compliance,System.Object,7
Lithium Battery Energy Content,Safety & Compliance,System.Object,2.6
Lithium Battery Energy Content Unit,Safety & Compliance,System.Object,Watt Hours
Lithium Battery Packaging,Safety & Compliance,System.Object,"Batteries contained in equipment, Batteries packed with equipment, Batteries only"
Lithium Battery Weight,Safety & Compliance,System.Object,2
Lithium Battery Weight Unit,Safety & Compliance,System.Object,Grams
Compliance - Chest Size,Safety & Compliance,System.Object,86 cm or More
Compliance - Is Handmade,Safety & Compliance,System.Object,Yes
Compliance - Printing method,Safety & Compliance,System.Object,Hand Printed - Batik
Compliance - Age Range,Safety & Compliance,System.Object,Women
Compliance Weave Type,Safety & Compliance,System.Object,"Knitted, Crocheted, Woven"
Compliance - Warp Or Filling Coloring,Safety & Compliance,System.Object,2 or More
Compliance - T-Shirt Design,Safety & Compliance,System.Object,Printed Design
Compliance - Shirt Type,Safety & Compliance,System.Object,T-Shirt
Compliance - Collar Type,Safety & Compliance,System.Object,Tailored
Number of Batteries,Safety & Compliance,System.Object,"1, 4"
Battery Type,Safety & Compliance,System.Object,12 V
Number of Batteries,Safety & Compliance,System.Object,"1, 4"
Battery Type,Safety & Compliance,System.Object,12 V
Number of Batteries,Safety & Compliance,System.Object,"1, 4"
Battery Type,Safety & Compliance,System.Object,12 V
Number of Batteries,Safety & Compliance,System.Object,"1, 4"
Battery Type,Safety & Compliance,System.Object,12 V
Fabric Weight,Safety & Compliance,System.Object,120
Fabric Weight Unit,Safety & Compliance,System.Object,Grams per Square Metre
Medical Device Sales Channel,Safety & Compliance,System.Object,OTC Retail
Compliance - Towel End Use,Safety & Compliance,System.Object,Bath Towel
Compliance - Outer Surface Material,Safety & Compliance,System.Object,"Leather, Rubber, Cotton"
Battery IEC Code,Safety & Compliance,System.Object,CR2320
Directions,Safety & Compliance,System.Object,"Adults 18 years and older: This product is to be used once a day (every 24 hours), every day for 14 days. It may take 1 to 4 days for full effect, although some people get complete relief of symptoms within 24 hours"
Directions,Safety & Compliance,System.Object,"Adults 18 years and older: This product is to be used once a day (every 24 hours), every day for 14 days. It may take 1 to 4 days for full effect, although some people get complete relief of symptoms within 24 hours"
Directions,Safety & Compliance,System.Object,"Adults 18 years and older: This product is to be used once a day (every 24 hours), every day for 14 days. It may take 1 to 4 days for full effect, although some people get complete relief of symptoms within 24 hours"
Directions,Safety & Compliance,System.Object,"Adults 18 years and older: This product is to be used once a day (every 24 hours), every day for 14 days. It may take 1 to 4 days for full effect, although some people get complete relief of symptoms within 24 hours"
Directions,Safety & Compliance,System.Object,"Adults 18 years and older: This product is to be used once a day (every 24 hours), every day for 14 days. It may take 1 to 4 days for full effect, although some people get complete relief of symptoms within 24 hours"
EU Spare Part Availability Duration,Safety & Compliance,System.Object,2.0
EU Spare Part Availability Duration Unit,Safety & Compliance,System.Object,Years
Has Multiple Battery Powered Components,Safety & Compliance,System.Object,Yes
Contains Battery or Cell,Safety & Compliance,System.Object,Battery
Battery Contains free Unabsorbed Liquid,Safety & Compliance,System.Object,Yes
Is Battery Non Spillable,Safety & Compliance,System.Object,Yes
Non-Lithium Battery Packaging,Safety & Compliance,System.Object,Batteries Only
Has Replaceable Battery,Safety & Compliance,System.Object,Yes
Non-Lithium Battery Energy Content,Safety & Compliance,System.Object,2.6
Non-Lithium Battery Energy Content Unit,Safety & Compliance,System.Object,Watt Hours
Has Less than 30 Percent State of Charge,Safety & Compliance,System.Object,Yes
Battery Installation Device Type,Safety & Compliance,System.Object,Installed In Vessel
Is OEM Sourced Product,Safety & Compliance,System.Object,Yes
Safety Warning,Safety & Compliance,System.Object,For external use only. Avoid contact with eyes. Keep away from naked flame or direct heat sources.
Safety Warning,Safety & Compliance,System.Object,For external use only. Avoid contact with eyes. Keep away from naked flame or direct heat sources.
Safety Warning,Safety & Compliance,System.Object,For external use only. Avoid contact with eyes. Keep away from naked flame or direct heat sources.
Safety Warning,Safety & Compliance,System.Object,For external use only. Avoid contact with eyes. Keep away from naked flame or direct heat sources.
Safety Warning,Safety & Compliance,System.Object,For external use only. Avoid contact with eyes. Keep away from naked flame or direct heat sources.
Inner Material,Safety & Compliance,System.Object,"Nylon, Polyester, Acrylic"
Main Image URL,Images,System.Object,http://www.companyname.com/images/1250.main.jpg
Other Image URL,Images,System.Object,http://www.companyname.com/images/1250.other1.jpg
Other Image URL,Images,System.Object,http://www.companyname.com/images/1250.other1.jpg
Other Image URL,Images,System.Object,http://www.companyname.com/images/1250.other1.jpg
Other Image URL,Images,System.Object,http://www.companyname.com/images/1250.other1.jpg
Other Image URL,Images,System.Object,http://www.companyname.com/images/1250.other1.jpg
Other Image URL,Images,System.Object,http://www.companyname.com/images/1250.other1.jpg
Other Image URL,Images,System.Object,http://www.companyname.com/images/1250.other1.jpg
Other Image URL,Images,System.Object,http://www.companyname.com/images/1250.other1.jpg
Swatch Image URL,Images,System.Object,http://www.companyname.com/images/1250.swatch.jpg
other_image_url1,Images,System.Object,
other_image_url2,Images,System.Object,
other_image_url3,Images,System.Object,
other_image_url4,Images,System.Object,
other_image_url5,Images,System.Object,
Item Package Length,Shipping,System.Object,10
Package Length Unit,Shipping,System.Object,Inches
Item Package Width,Shipping,System.Object,2
Package Width Unit,Shipping,System.Object,Inches
Item Package Height,Shipping,System.Object,2.7
Package Height Unit,Shipping,System.Object,Inches
Item Package Weight,Shipping,System.Object,24
Item Package Weight Unit,Shipping,System.Object,Pounds
Item Display Weight,Shipping,System.Object,"20, 50"
Item Display Weight Unit,Shipping,System.Object,"Grams, Kilograms"
Item Length,Shipping,System.Object,10
Item Length Unit,Shipping,System.Object,Inches
Item Width,Shipping,System.Object,2
Item Width Unit,Shipping,System.Object,Inches
Item Height,Shipping,System.Object,2.7
Item Height Unit,Shipping,System.Object,Inches
Master Pack Layers per Pallet Quantity,Shipping,System.Object,5
Master Packs Per Layer Quantity,Shipping,System.Object,9
Item Dimensions Fraction Length,Shipping,System.Object,"7/29/1932,  8.66"
Item Dimensions Fraction Length Unit,Shipping,System.Object,Inches
